meter_code,timestamp,reading_kwh
M02,2026-03-01 00:00:00+08:00,0.0000
M02,2026-03-01 01:00:00+08:00,1.0000
M02,2026-03-01 02:00:00+08:00,2.0000
M02,2026-03-01 03:00:00+08:00,3.0000
M02,2026-03-01 04:00:00+08:00,4.0000
M02,2026-03-01 05:00:00+08:00,5.0000
M02,2026-03-01 06:00:00+08:00,6.0000
M02,2026-03-01 07:00:00+08:00,7.0000
M02,2026-03-01 08:00:00+08:00,8.0000
M02,2026-03-01 09:00:00+08:00,9.0000
M02,2026-03-01 10:00:00+08:00,10.0000
M02,2026-03-01 11:00:00+08:00,11.0000
M02,2026-03-01 12:00:00+08:00,12.0000
M02,2026-03-01 13:00:00+08:00,13.0000
M02,2026-03-01 14:00:00+08:00,14.0000
M02,2026-03-01 15:00:00+08:00,15.0000
M02,2026-03-01 16:00:00+08:00,16.0000
M02,2026-03-01 17:00:00+08:00,17.0000
M02,2026-03-01 18:00:00+08:00,18.0000
M02,2026-03-01 19:00:00+08:00,19.0000
M02,2026-03-01 20:00:00+08:00,20.0000
M02,2026-03-01 21:00:00+08:00,21.0000
M02,2026-03-01 22:00:00+08:00,22.0000
M02,2026-03-01 23:00:00+08:00,23.0000
M02,2026-03-02 00:00:00+08:00,24.0000
M02,2026-03-02 01:00:00+08:00,25.0000
M02,2026-03-02 02:00:00+08:00,26.0000
M02,2026-03-02 03:00:00+08:00,27.0000
M02,2026-03-02 04:00:00+08:00,28.0000
M02,2026-03-02 05:00:00+08:00,29.0000
M02,2026-03-02 06:00:00+08:00,30.0000
M02,2026-03-02 07:00:00+08:00,31.0000
M02,2026-03-02 08:00:00+08:00,32.0000
M02,2026-03-02 09:00:00+08:00,33.0000
M02,2026-03-02 10:00:00+08:00,34.0000
M02,2026-03-02 11:00:00+08:00,35.0000
M02,2026-03-02 12:00:00+08:00,36.0000
M02,2026-03-02 13:00:00+08:00,37.0000
M02,2026-03-02 14:00:00+08:00,38.0000
M02,2026-03-02 15:00:00+08:00,39.0000
M02,2026-03-02 16:00:00+08:00,40.0000
M02,2026-03-02 17:00:00+08:00,41.0000
M02,2026-03-02 18:00:00+08:00,42.0000
M02,2026-03-02 19:00:00+08:00,43.0000
M02,2026-03-02 20:00:00+08:00,44.0000
M02,2026-03-02 21:00:00+08:00,45.0000
M02,2026-03-02 22:00:00+08:00,46.0000
M02,2026-03-02 23:00:00+08:00,47.0000
M02,2026-03-03 00:00:00+08:00,48.0000
M02,2026-03-03 01:00:00+08:00,49.0000
M02,2026-03-03 02:00:00+08:00,50.0000
M02,2026-03-03 03:00:00+08:00,51.0000
M02,2026-03-03 04:00:00+08:00,52.0000
M02,2026-03-03 05:00:00+08:00,53.0000
M02,2026-03-03 06:00:00+08:00,54.0000
M02,2026-03-03 07:00:00+08:00,55.0000
M02,2026-03-03 08:00:00+08:00,56.0000
M02,2026-03-03 09:00:00+08:00,57.0000
M02,2026-03-03 10:00:00+08:00,58.0000
M02,2026-03-03 11:00:00+08:00,59.0000
M02,2026-03-03 12:00:00+08:00,60.0000
M02,2026-03-03 13:00:00+08:00,61.0000
M02,2026-03-03 14:00:00+08:00,62.0000
M02,2026-03-03 15:00:00+08:00,63.0000
M02,2026-03-03 16:00:00+08:00,64.0000
M02,2026-03-03 17:00:00+08:00,65.0000
M02,2026-03-03 18:00:00+08:00,66.0000
M02,2026-03-03 19:00:00+08:00,67.0000
M02,2026-03-03 20:00:00+08:00,68.0000
M02,2026-03-03 21:00:00+08:00,69.0000
M02,2026-03-03 22:00:00+08:00,70.0000
M02,2026-03-03 23:00:00+08:00,71.0000
M02,2026-03-04 00:00:00+08:00,72.0000
M02,2026-03-04 01:00:00+08:00,73.0000
M02,2026-03-04 02:00:00+08:00,74.0000
M02,2026-03-04 03:00:00+08:00,75.0000
M02,2026-03-04 04:00:00+08:00,76.0000
M02,2026-03-04 05:00:00+08:00,77.0000
M02,2026-03-04 06:00:00+08:00,78.0000
M02,2026-03-04 07:00:00+08:00,79.0000
M02,2026-03-04 08:00:00+08:00,80.0000
M02,2026-03-04 09:00:00+08:00,81.0000
M02,2026-03-04 10:00:00+08:00,82.0000
M02,2026-03-04 11:00:00+08:00,83.0000
M02,2026-03-04 12:00:00+08:00,84.0000
M02,2026-03-04 13:00:00+08:00,85.0000
M02,2026-03-04 14:00:00+08:00,86.0000
M02,2026-03-04 15:00:00+08:00,87.0000
M02,2026-03-04 16:00:00+08:00,88.0000
M02,2026-03-04 17:00:00+08:00,89.0000
M02,2026-03-04 18:00:00+08:00,90.0000
M02,2026-03-04 19:00:00+08:00,91.0000
M02,2026-03-04 20:00:00+08:00,92.0000
M02,2026-03-04 21:00:00+08:00,93.0000
M02,2026-03-04 22:00:00+08:00,94.0000
M02,2026-03-04 23:00:00+08:00,95.0000
M02,2026-03-05 00:00:00+08:00,96.0000
M02,2026-03-05 01:00:00+08:00,97.0000
M02,2026-03-05 02:00:00+08:00,98.0000
M02,2026-03-05 03:00:00+08:00,99.0000
M02,2026-03-05 04:00:00+08:00,100.0000
M02,2026-03-05 05:00:00+08:00,101.0000
M02,2026-03-05 06:00:00+08:00,102.0000
M02,2026-03-05 07:00:00+08:00,103.0000
M02,2026-03-05 08:00:00+08:00,104.0000
M02,2026-03-05 09:00:00+08:00,105.0000
M02,2026-03-05 10:00:00+08:00,106.0000
M02,2026-03-05 11:00:00+08:00,107.0000
M02,2026-03-05 12:00:00+08:00,108.0000
M02,2026-03-05 13:00:00+08:00,109.0000
M02,2026-03-05 14:00:00+08:00,110.0000
M02,2026-03-05 15:00:00+08:00,111.0000
M02,2026-03-05 16:00:00+08:00,112.0000
M02,2026-03-05 17:00:00+08:00,113.0000
M02,2026-03-05 18:00:00+08:00,114.0000
M02,2026-03-05 19:00:00+08:00,115.0000
M02,2026-03-05 20:00:00+08:00,116.0000
M02,2026-03-05 21:00:00+08:00,117.0000
M02,2026-03-05 22:00:00+08:00,118.0000
M02,2026-03-05 23:00:00+08:00,119.0000
M02,2026-03-06 00:00:00+08:00,120.0000
M02,2026-03-06 01:00:00+08:00,121.0000
M02,2026-03-06 02:00:00+08:00,122.0000
M02,2026-03-06 03:00:00+08:00,123.0000
M02,2026-03-06 04:00:00+08:00,124.0000
M02,2026-03-06 05:00:00+08:00,125.0000
M02,2026-03-06 06:00:00+08:00,126.0000
M02,2026-03-06 07:00:00+08:00,127.0000
M02,2026-03-06 08:00:00+08:00,128.0000
M02,2026-03-06 09:00:00+08:00,129.0000
M02,2026-03-06 10:00:00+08:00,130.0000
M02,2026-03-06 11:00:00+08:00,131.0000
M02,2026-03-06 12:00:00+08:00,132.0000
M02,2026-03-06 13:00:00+08:00,133.0000
M02,2026-03-06 14:00:00+08:00,134.0000
M02,2026-03-06 15:00:00+08:00,135.0000
M02,2026-03-06 16:00:00+08:00,136.0000
M02,2026-03-06 17:00:00+08:00,137.0000
M02,2026-03-06 18:00:00+08:00,138.0000
M02,2026-03-06 19:00:00+08:00,139.0000
M02,2026-03-06 20:00:00+08:00,140.0000
M02,2026-03-06 21:00:00+08:00,141.0000
M02,2026-03-06 22:00:00+08:00,142.0000
M02,2026-03-06 23:00:00+08:00,143.0000
M02,2026-03-07 00:00:00+08:00,144.0000
M02,2026-03-07 01:00:00+08:00,145.0000
M02,2026-03-07 02:00:00+08:00,146.0000
M02,2026-03-07 03:00:00+08:00,147.0000
M02,2026-03-07 04:00:00+08:00,148.0000
M02,2026-03-07 05:00:00+08:00,149.0000
M02,2026-03-07 06:00:00+08:00,150.0000
M02,2026-03-07 07:00:00+08:00,151.0000
M02,2026-03-07 08:00:00+08:00,152.0000
M02,2026-03-07 09:00:00+08:00,153.0000
M02,2026-03-07 10:00:00+08:00,154.0000
M02,2026-03-07 11:00:00+08:00,155.0000
M02,2026-03-07 12:00:00+08:00,156.0000
M02,2026-03-07 13:00:00+08:00,157.0000
M02,2026-03-07 14:00:00+08:00,158.0000
M02,2026-03-07 15:00:00+08:00,159.0000
M02,2026-03-07 16:00:00+08:00,160.0000
M02,2026-03-07 17:00:00+08:00,161.0000
M02,2026-03-07 18:00:00+08:00,162.0000
M02,2026-03-07 19:00:00+08:00,163.0000
M02,2026-03-07 20:00:00+08:00,164.0000
M02,2026-03-07 21:00:00+08:00,165.0000
M02,2026-03-07 22:00:00+08:00,166.0000
M02,2026-03-07 23:00:00+08:00,167.0000
M02,2026-03-08 00:00:00+08:00,168.0000
M02,2026-03-08 01:00:00+08:00,169.0000
M02,2026-03-08 02:00:00+08:00,170.0000
M02,2026-03-08 03:00:00+08:00,171.0000
M02,2026-03-08 04:00:00+08:00,172.0000
M02,2026-03-08 05:00:00+08:00,173.0000
M02,2026-03-08 06:00:00+08:00,174.0000
M02,2026-03-08 07:00:00+08:00,175.0000
M02,2026-03-08 08:00:00+08:00,176.0000
M02,2026-03-08 09:00:00+08:00,177.0000
M02,2026-03-08 10:00:00+08:00,178.0000
M02,2026-03-08 11:00:00+08:00,179.0000
M02,2026-03-08 12:00:00+08:00,180.0000
M02,2026-03-08 13:00:00+08:00,181.0000
M02,2026-03-08 14:00:00+08:00,182.0000
M02,2026-03-08 15:00:00+08:00,183.0000
M02,2026-03-08 16:00:00+08:00,184.0000
M02,2026-03-08 17:00:00+08:00,185.0000
M02,2026-03-08 18:00:00+08:00,186.0000
M02,2026-03-08 19:00:00+08:00,187.0000
M02,2026-03-08 20:00:00+08:00,188.0000
M02,2026-03-08 21:00:00+08:00,189.0000
M02,2026-03-08 22:00:00+08:00,190.0000
M02,2026-03-08 23:00:00+08:00,191.0000
M02,2026-03-09 00:00:00+08:00,192.0000
M02,2026-03-09 01:00:00+08:00,193.0000
M02,2026-03-09 02:00:00+08:00,194.0000
M02,2026-03-09 03:00:00+08:00,195.0000
M02,2026-03-09 04:00:00+08:00,196.0000
M02,2026-03-09 05:00:00+08:00,197.0000
M02,2026-03-09 06:00:00+08:00,198.0000
M02,2026-03-09 07:00:00+08:00,199.0000
M02,2026-03-09 08:00:00+08:00,200.0000
M02,2026-03-09 09:00:00+08:00,201.0000
M02,2026-03-09 10:00:00+08:00,202.0000
M02,2026-03-09 11:00:00+08:00,203.0000
M02,2026-03-09 12:00:00+08:00,204.0000
M02,2026-03-09 13:00:00+08:00,205.0000
M02,2026-03-09 14:00:00+08:00,206.0000
M02,2026-03-09 15:00:00+08:00,207.0000
M02,2026-03-09 16:00:00+08:00,208.0000
M02,2026-03-09 17:00:00+08:00,209.0000
M02,2026-03-09 18:00:00+08:00,210.0000
M02,2026-03-09 19:00:00+08:00,211.0000
M02,2026-03-09 20:00:00+08:00,212.0000
M02,2026-03-09 21:00:00+08:00,213.0000
M02,2026-03-09 22:00:00+08:00,214.0000
M02,2026-03-09 23:00:00+08:00,215.0000
M02,2026-03-10 00:00:00+08:00,216.0000
M02,2026-03-10 01:00:00+08:00,217.0000
M02,2026-03-10 02:00:00+08:00,218.0000
M02,2026-03-10 03:00:00+08:00,219.0000
M02,2026-03-10 04:00:00+08:00,220.0000
M02,2026-03-10 05:00:00+08:00,221.0000
M02,2026-03-10 06:00:00+08:00,222.0000
M02,2026-03-10 07:00:00+08:00,223.0000
M02,2026-03-10 08:00:00+08:00,224.0000
M02,2026-03-10 09:00:00+08:00,225.0000
M02,2026-03-10 10:00:00+08:00,226.0000
M02,2026-03-10 11:00:00+08:00,227.0000
M02,2026-03-10 12:00:00+08:00,228.0000
M02,2026-03-10 13:00:00+08:00,229.0000
M02,2026-03-10 14:00:00+08:00,230.0000
M02,2026-03-10 15:00:00+08:00,231.0000
M02,2026-03-10 16:00:00+08:00,232.0000
M02,2026-03-10 17:00:00+08:00,233.0000
M02,2026-03-10 18:00:00+08:00,234.0000
M02,2026-03-10 19:00:00+08:00,235.0000
M02,2026-03-10 20:00:00+08:00,236.0000
M02,2026-03-10 21:00:00+08:00,237.0000
M02,2026-03-10 22:00:00+08:00,238.0000
M02,2026-03-10 23:00:00+08:00,239.0000
M02,2026-03-11 00:00:00+08:00,240.0000
M02,2026-03-11 01:00:00+08:00,241.0000
M02,2026-03-11 02:00:00+08:00,242.0000
M02,2026-03-11 03:00:00+08:00,243.0000
M02,2026-03-11 04:00:00+08:00,244.0000
M02,2026-03-11 05:00:00+08:00,245.0000
M02,2026-03-11 06:00:00+08:00,246.0000
M02,2026-03-11 07:00:00+08:00,247.0000
M02,2026-03-11 08:00:00+08:00,248.0000
M02,2026-03-11 09:00:00+08:00,249.0000
M02,2026-03-11 10:00:00+08:00,250.0000
M02,2026-03-11 11:00:00+08:00,251.0000
M02,2026-03-11 12:00:00+08:00,252.0000
M02,2026-03-11 13:00:00+08:00,253.0000
M02,2026-03-11 14:00:00+08:00,254.0000
M02,2026-03-11 15:00:00+08:00,255.0000
M02,2026-03-11 16:00:00+08:00,256.0000
M02,2026-03-11 17:00:00+08:00,257.0000
M02,2026-03-11 18:00:00+08:00,258.0000
M02,2026-03-11 19:00:00+08:00,259.0000
M02,2026-03-11 20:00:00+08:00,260.0000
M02,2026-03-11 21:00:00+08:00,261.0000
M02,2026-03-11 22:00:00+08:00,262.0000
M02,2026-03-11 23:00:00+08:00,263.0000
M02,2026-03-12 00:00:00+08:00,264.0000
M02,2026-03-12 01:00:00+08:00,265.0000
M02,2026-03-12 02:00:00+08:00,266.0000
M02,2026-03-12 03:00:00+08:00,267.0000
M02,2026-03-12 04:00:00+08:00,268.0000
M02,2026-03-12 05:00:00+08:00,269.0000
M02,2026-03-12 06:00:00+08:00,270.0000
M02,2026-03-12 07:00:00+08:00,271.0000
M02,2026-03-12 08:00:00+08:00,272.0000
M02,2026-03-12 09:00:00+08:00,273.0000
M02,2026-03-12 10:00:00+08:00,274.0000
M02,2026-03-12 11:00:00+08:00,275.0000
M02,2026-03-12 12:00:00+08:00,276.0000
M02,2026-03-12 13:00:00+08:00,277.0000
M02,2026-03-12 14:00:00+08:00,278.0000
M02,2026-03-12 15:00:00+08:00,279.0000
M02,2026-03-12 16:00:00+08:00,280.0000
M02,2026-03-12 17:00:00+08:00,281.0000
M02,2026-03-12 18:00:00+08:00,282.0000
M02,2026-03-12 19:00:00+08:00,283.0000
M02,2026-03-12 20:00:00+08:00,284.0000
M02,2026-03-12 21:00:00+08:00,285.0000
M02,2026-03-12 22:00:00+08:00,286.0000
M02,2026-03-12 23:00:00+08:00,287.0000
M02,2026-03-13 00:00:00+08:00,288.0000
M02,2026-03-13 01:00:00+08:00,289.0000
M02,2026-03-13 02:00:00+08:00,290.0000
M02,2026-03-13 03:00:00+08:00,291.0000
M02,2026-03-13 04:00:00+08:00,292.0000
M02,2026-03-13 05:00:00+08:00,293.0000
M02,2026-03-13 06:00:00+08:00,294.0000
M02,2026-03-13 07:00:00+08:00,295.0000
M02,2026-03-13 08:00:00+08:00,296.0000
M02,2026-03-13 09:00:00+08:00,297.0000
M02,2026-03-13 10:00:00+08:00,298.0000
M02,2026-03-13 11:00:00+08:00,299.0000
M02,2026-03-13 12:00:00+08:00,300.0000
M02,2026-03-13 13:00:00+08:00,301.0000
M02,2026-03-13 14:00:00+08:00,302.0000
M02,2026-03-13 15:00:00+08:00,303.0000
M02,2026-03-13 16:00:00+08:00,304.0000
M02,2026-03-13 17:00:00+08:00,305.0000
M02,2026-03-13 18:00:00+08:00,306.0000
M02,2026-03-13 19:00:00+08:00,307.0000
M02,2026-03-13 20:00:00+08:00,308.0000
M02,2026-03-13 21:00:00+08:00,309.0000
M02,2026-03-13 22:00:00+08:00,310.0000
M02,2026-03-13 23:00:00+08:00,311.0000
M02,2026-03-14 00:00:00+08:00,312.0000
M02,2026-03-14 01:00:00+08:00,313.0000
M02,2026-03-14 02:00:00+08:00,314.0000
M02,2026-03-14 03:00:00+08:00,315.0000
M02,2026-03-14 04:00:00+08:00,316.0000
M02,2026-03-14 05:00:00+08:00,317.0000
M02,2026-03-14 06:00:00+08:00,318.0000
M02,2026-03-14 07:00:00+08:00,319.0000
M02,2026-03-14 08:00:00+08:00,320.0000
M02,2026-03-14 09:00:00+08:00,321.0000
M02,2026-03-14 10:00:00+08:00,322.0000
M02,2026-03-14 11:00:00+08:00,323.0000
M02,2026-03-14 12:00:00+08:00,324.0000
M02,2026-03-14 13:00:00+08:00,325.0000
M02,2026-03-14 14:00:00+08:00,326.0000
M02,2026-03-14 15:00:00+08:00,327.0000
M02,2026-03-14 16:00:00+08:00,328.0000
M02,2026-03-14 17:00:00+08:00,329.0000
M02,2026-03-14 18:00:00+08:00,330.0000
M02,2026-03-14 19:00:00+08:00,331.0000
M02,2026-03-14 20:00:00+08:00,332.0000
M02,2026-03-14 21:00:00+08:00,333.0000
M02,2026-03-14 22:00:00+08:00,334.0000
M02,2026-03-14 23:00:00+08:00,335.0000
M02,2026-03-15 00:00:00+08:00,336.0000
M02,2026-03-15 01:00:00+08:00,337.0000
M02,2026-03-15 02:00:00+08:00,338.0000
M02,2026-03-15 03:00:00+08:00,339.0000
M02,2026-03-15 04:00:00+08:00,340.0000
M02,2026-03-15 05:00:00+08:00,341.0000
M02,2026-03-15 06:00:00+08:00,342.0000
M02,2026-03-15 07:00:00+08:00,343.0000
M02,2026-03-15 08:00:00+08:00,344.0000
M02,2026-03-15 09:00:00+08:00,345.0000
M02,2026-03-15 10:00:00+08:00,346.0000
M02,2026-03-15 11:00:00+08:00,347.0000
M02,2026-03-15 12:00:00+08:00,348.0000
M02,2026-03-15 13:00:00+08:00,349.0000
M02,2026-03-15 14:00:00+08:00,350.0000
M02,2026-03-15 15:00:00+08:00,351.0000
M02,2026-03-15 16:00:00+08:00,352.0000
M02,2026-03-15 17:00:00+08:00,353.0000
M02,2026-03-15 18:00:00+08:00,354.0000
M02,2026-03-15 19:00:00+08:00,355.0000
M02,2026-03-15 20:00:00+08:00,356.0000
M02,2026-03-15 21:00:00+08:00,357.0000
M02,2026-03-15 22:00:00+08:00,358.0000
M02,2026-03-15 23:00:00+08:00,359.0000
M02,2026-03-16 00:00:00+08:00,360.0000
M02,2026-03-16 01:00:00+08:00,361.0000
M02,2026-03-16 02:00:00+08:00,362.0000
M02,2026-03-16 03:00:00+08:00,363.0000
M02,2026-03-16 04:00:00+08:00,364.0000
M02,2026-03-16 05:00:00+08:00,365.0000
M02,2026-03-16 06:00:00+08:00,366.0000
M02,2026-03-16 07:00:00+08:00,367.0000
M02,2026-03-16 08:00:00+08:00,368.0000
M02,2026-03-16 09:00:00+08:00,369.0000
M02,2026-03-16 10:00:00+08:00,370.0000
M02,2026-03-16 11:00:00+08:00,371.0000
M02,2026-03-16 12:00:00+08:00,372.0000
M02,2026-03-16 13:00:00+08:00,373.0000
M02,2026-03-16 14:00:00+08:00,374.0000
M02,2026-03-16 15:00:00+08:00,375.0000
M02,2026-03-16 16:00:00+08:00,376.0000
M02,2026-03-16 17:00:00+08:00,377.0000
M02,2026-03-16 18:00:00+08:00,378.0000
M02,2026-03-16 19:00:00+08:00,379.0000
M02,2026-03-16 20:00:00+08:00,380.0000
M02,2026-03-16 21:00:00+08:00,381.0000
M02,2026-03-16 22:00:00+08:00,382.0000
M02,2026-03-16 23:00:00+08:00,383.0000
M02,2026-03-17 00:00:00+08:00,384.0000
M02,2026-03-17 01:00:00+08:00,385.0000
M02,2026-03-17 02:00:00+08:00,386.0000
M02,2026-03-17 03:00:00+08:00,387.0000
M02,2026-03-17 04:00:00+08:00,388.0000
M02,2026-03-17 05:00:00+08:00,389.0000
M02,2026-03-17 06:00:00+08:00,390.0000
M02,2026-03-17 07:00:00+08:00,391.0000
M02,2026-03-17 08:00:00+08:00,392.0000
M02,2026-03-17 09:00:00+08:00,393.0000
M02,2026-03-17 10:00:00+08:00,394.0000
M02,2026-03-17 11:00:00+08:00,395.0000
M02,2026-03-17 12:00:00+08:00,396.0000
M02,2026-03-17 13:00:00+08:00,397.0000
M02,2026-03-17 14:00:00+08:00,398.0000
M02,2026-03-17 15:00:00+08:00,399.0000
M02,2026-03-17 16:00:00+08:00,400.0000
M02,2026-03-17 17:00:00+08:00,401.0000
M02,2026-03-17 18:00:00+08:00,402.0000
M02,2026-03-17 19:00:00+08:00,403.0000
M02,2026-03-17 20:00:00+08:00,404.0000
M02,2026-03-17 21:00:00+08:00,405.0000
M02,2026-03-17 22:00:00+08:00,406.0000
M02,2026-03-17 23:00:00+08:00,407.0000
M02,2026-03-18 00:00:00+08:00,408.0000
M02,2026-03-18 01:00:00+08:00,409.0000
M02,2026-03-18 02:00:00+08:00,410.0000
M02,2026-03-18 03:00:00+08:00,411.0000
M02,2026-03-18 04:00:00+08:00,412.0000
M02,2026-03-18 05:00:00+08:00,413.0000
M02,2026-03-18 06:00:00+08:00,414.0000
M02,2026-03-18 07:00:00+08:00,415.0000
M02,2026-03-18 08:00:00+08:00,416.0000
M02,2026-03-18 09:00:00+08:00,417.0000
M02,2026-03-18 10:00:00+08:00,418.0000
M02,2026-03-18 11:00:00+08:00,419.0000
M02,2026-03-18 12:00:00+08:00,420.0000
M02,2026-03-18 13:00:00+08:00,421.0000
M02,2026-03-18 14:00:00+08:00,422.0000
M02,2026-03-18 15:00:00+08:00,423.0000
M02,2026-03-18 16:00:00+08:00,424.0000
M02,2026-03-18 17:00:00+08:00,425.0000
M02,2026-03-18 18:00:00+08:00,426.0000
M02,2026-03-18 19:00:00+08:00,427.0000
M02,2026-03-18 20:00:00+08:00,428.0000
M02,2026-03-18 21:00:00+08:00,429.0000
M02,2026-03-18 22:00:00+08:00,430.0000
M02,2026-03-18 23:00:00+08:00,431.0000
M02,2026-03-19 00:00:00+08:00,432.0000
M02,2026-03-19 01:00:00+08:00,433.0000
M02,2026-03-19 02:00:00+08:00,434.0000
M02,2026-03-19 03:00:00+08:00,435.0000
M02,2026-03-19 04:00:00+08:00,436.0000
M02,2026-03-19 05:00:00+08:00,437.0000
M02,2026-03-19 06:00:00+08:00,438.0000
M02,2026-03-19 07:00:00+08:00,439.0000
M02,2026-03-19 08:00:00+08:00,440.0000
M02,2026-03-19 09:00:00+08:00,441.0000
M02,2026-03-19 10:00:00+08:00,442.0000
M02,2026-03-19 11:00:00+08:00,443.0000
M02,2026-03-19 12:00:00+08:00,444.0000
M02,2026-03-19 13:00:00+08:00,445.0000
M02,2026-03-19 14:00:00+08:00,446.0000
M02,2026-03-19 15:00:00+08:00,447.0000
M02,2026-03-19 16:00:00+08:00,448.0000
M02,2026-03-19 17:00:00+08:00,449.0000
M02,2026-03-19 18:00:00+08:00,450.0000
M02,2026-03-19 19:00:00+08:00,451.0000
M02,2026-03-19 20:00:00+08:00,452.0000
M02,2026-03-19 21:00:00+08:00,453.0000
M02,2026-03-19 22:00:00+08:00,454.0000
M02,2026-03-19 23:00:00+08:00,455.0000
M02,2026-03-20 00:00:00+08:00,456.0000
M02,2026-03-20 01:00:00+08:00,457.0000
M02,2026-03-20 02:00:00+08:00,458.0000
M02,2026-03-20 03:00:00+08:00,459.0000
M02,2026-03-20 04:00:00+08:00,460.0000
M02,2026-03-20 05:00:00+08:00,461.0000
M02,2026-03-20 06:00:00+08:00,462.0000
M02,2026-03-20 07:00:00+08:00,463.0000
M02,2026-03-20 08:00:00+08:00,464.0000
M02,2026-03-20 09:00:00+08:00,465.0000
M02,2026-03-20 10:00:00+08:00,466.0000
M02,2026-03-20 11:00:00+08:00,467.0000
M02,2026-03-20 12:00:00+08:00,468.0000
M02,2026-03-20 13:00:00+08:00,469.0000
M02,2026-03-20 14:00:00+08:00,470.0000
M02,2026-03-20 15:00:00+08:00,471.0000
M02,2026-03-20 16:00:00+08:00,472.0000
M02,2026-03-20 17:00:00+08:00,473.0000
M02,2026-03-20 18:00:00+08:00,474.0000
M02,2026-03-20 19:00:00+08:00,475.0000
M02,2026-03-20 20:00:00+08:00,476.0000
M02,2026-03-20 21:00:00+08:00,477.0000
M02,2026-03-20 22:00:00+08:00,478.0000
M02,2026-03-20 23:00:00+08:00,479.0000
M02,2026-03-21 00:00:00+08:00,480.0000
M02,2026-03-21 01:00:00+08:00,481.0000
M02,2026-03-21 02:00:00+08:00,482.0000
M02,2026-03-21 03:00:00+08:00,483.0000
M02,2026-03-21 04:00:00+08:00,484.0000
M02,2026-03-21 05:00:00+08:00,485.0000
M02,2026-03-21 06:00:00+08:00,486.0000
M02,2026-03-21 07:00:00+08:00,487.0000
M02,2026-03-21 08:00:00+08:00,488.0000
M02,2026-03-21 09:00:00+08:00,489.0000
M02,2026-03-21 10:00:00+08:00,490.0000
M02,2026-03-21 11:00:00+08:00,491.0000
M02,2026-03-21 12:00:00+08:00,492.0000
M02,2026-03-21 13:00:00+08:00,493.0000
M02,2026-03-21 14:00:00+08:00,494.0000
M02,2026-03-21 15:00:00+08:00,495.0000
M02,2026-03-21 16:00:00+08:00,496.0000
M02,2026-03-21 17:00:00+08:00,497.0000
M02,2026-03-21 18:00:00+08:00,498.0000
M02,2026-03-21 19:00:00+08:00,499.0000
M02,2026-03-21 20:00:00+08:00,500.0000
M02,2026-03-21 21:00:00+08:00,501.0000
M02,2026-03-21 22:00:00+08:00,502.0000
M02,2026-03-21 23:00:00+08:00,503.0000
M02,2026-03-22 00:00:00+08:00,504.0000
M02,2026-03-22 01:00:00+08:00,505.0000
M02,2026-03-22 02:00:00+08:00,506.0000
M02,2026-03-22 03:00:00+08:00,507.0000
M02,2026-03-22 04:00:00+08:00,508.0000
M02,2026-03-22 05:00:00+08:00,509.0000
M02,2026-03-22 06:00:00+08:00,510.0000
M02,2026-03-22 07:00:00+08:00,511.0000
M02,2026-03-22 08:00:00+08:00,512.0000
M02,2026-03-22 09:00:00+08:00,513.0000
M02,2026-03-22 10:00:00+08:00,514.0000
M02,2026-03-22 11:00:00+08:00,515.0000
M02,2026-03-22 12:00:00+08:00,516.0000
M02,2026-03-22 13:00:00+08:00,517.0000
M02,2026-03-22 14:00:00+08:00,518.0000
M02,2026-03-22 15:00:00+08:00,519.0000
M02,2026-03-22 16:00:00+08:00,520.0000
M02,2026-03-22 17:00:00+08:00,521.0000
M02,2026-03-22 18:00:00+08:00,522.0000
M02,2026-03-22 19:00:00+08:00,523.0000
M02,2026-03-22 20:00:00+08:00,524.0000
M02,2026-03-22 21:00:00+08:00,525.0000
M02,2026-03-22 22:00:00+08:00,526.0000
M02,2026-03-22 23:00:00+08:00,527.0000
M02,2026-03-23 00:00:00+08:00,528.0000
M02,2026-03-23 01:00:00+08:00,529.0000
M02,2026-03-23 02:00:00+08:00,530.0000
M02,2026-03-23 03:00:00+08:00,531.0000
M02,2026-03-23 04:00:00+08:00,532.0000
M02,2026-03-23 05:00:00+08:00,533.0000
M02,2026-03-23 06:00:00+08:00,534.0000
M02,2026-03-23 07:00:00+08:00,535.0000
M02,2026-03-23 08:00:00+08:00,536.0000
M02,2026-03-23 09:00:00+08:00,537.0000
M02,2026-03-23 10:00:00+08:00,538.0000
M02,2026-03-23 11:00:00+08:00,539.0000
M02,2026-03-23 12:00:00+08:00,540.0000
M02,2026-03-23 13:00:00+08:00,541.0000
M02,2026-03-23 14:00:00+08:00,542.0000
M02,2026-03-23 15:00:00+08:00,543.0000
M02,2026-03-23 16:00:00+08:00,544.0000
M02,2026-03-23 17:00:00+08:00,545.0000
M02,2026-03-23 18:00:00+08:00,546.0000
M02,2026-03-23 19:00:00+08:00,547.0000
M02,2026-03-23 20:00:00+08:00,548.0000
M02,2026-03-23 21:00:00+08:00,549.0000
M02,2026-03-23 22:00:00+08:00,550.0000
M02,2026-03-23 23:00:00+08:00,551.0000
M02,2026-03-24 00:00:00+08:00,552.0000
M02,2026-03-24 01:00:00+08:00,553.0000
M02,2026-03-24 02:00:00+08:00,554.0000
M02,2026-03-24 03:00:00+08:00,555.0000
M02,2026-03-24 04:00:00+08:00,556.0000
M02,2026-03-24 05:00:00+08:00,557.0000
M02,2026-03-24 06:00:00+08:00,558.0000
M02,2026-03-24 07:00:00+08:00,559.0000
M02,2026-03-24 08:00:00+08:00,560.0000
M02,2026-03-24 09:00:00+08:00,561.0000
M02,2026-03-24 10:00:00+08:00,562.0000
M02,2026-03-24 11:00:00+08:00,563.0000
M02,2026-03-24 12:00:00+08:00,564.0000
M02,2026-03-24 13:00:00+08:00,565.0000
M02,2026-03-24 14:00:00+08:00,566.0000
M02,2026-03-24 15:00:00+08:00,567.0000
M02,2026-03-24 16:00:00+08:00,568.0000
M02,2026-03-24 17:00:00+08:00,569.0000
M02,2026-03-24 18:00:00+08:00,570.0000
M02,2026-03-24 19:00:00+08:00,571.0000
M02,2026-03-24 20:00:00+08:00,572.0000
M02,2026-03-24 21:00:00+08:00,573.0000
M02,2026-03-24 22:00:00+08:00,574.0000
M02,2026-03-24 23:00:00+08:00,575.0000
M02,2026-03-25 00:00:00+08:00,576.0000
M02,2026-03-25 01:00:00+08:00,577.0000
M02,2026-03-25 02:00:00+08:00,578.0000
M02,2026-03-25 03:00:00+08:00,579.0000
M02,2026-03-25 04:00:00+08:00,580.0000
M02,2026-03-25 05:00:00+08:00,581.0000
M02,2026-03-25 06:00:00+08:00,582.0000
M02,2026-03-25 07:00:00+08:00,583.0000
M02,2026-03-25 08:00:00+08:00,584.0000
M02,2026-03-25 09:00:00+08:00,585.0000
M02,2026-03-25 10:00:00+08:00,586.0000
M02,2026-03-25 11:00:00+08:00,587.0000
M02,2026-03-25 12:00:00+08:00,588.0000
M02,2026-03-25 13:00:00+08:00,589.0000
M02,2026-03-25 14:00:00+08:00,590.0000
M02,2026-03-25 15:00:00+08:00,591.0000
M02,2026-03-25 16:00:00+08:00,592.0000
M02,2026-03-25 17:00:00+08:00,593.0000
M02,2026-03-25 18:00:00+08:00,594.0000
M02,2026-03-25 19:00:00+08:00,595.0000
M02,2026-03-25 20:00:00+08:00,596.0000
M02,2026-03-25 21:00:00+08:00,597.0000
M02,2026-03-25 22:00:00+08:00,598.0000
M02,2026-03-25 23:00:00+08:00,599.0000
M02,2026-03-26 00:00:00+08:00,600.0000
M02,2026-03-26 01:00:00+08:00,601.0000
M02,2026-03-26 02:00:00+08:00,602.0000
M02,2026-03-26 03:00:00+08:00,603.0000
M02,2026-03-26 04:00:00+08:00,604.0000
M02,2026-03-26 05:00:00+08:00,605.0000
M02,2026-03-26 06:00:00+08:00,606.0000
M02,2026-03-26 07:00:00+08:00,607.0000
M02,2026-03-26 08:00:00+08:00,608.0000
M02,2026-03-26 09:00:00+08:00,609.0000
M02,2026-03-26 10:00:00+08:00,610.0000
M02,2026-03-26 11:00:00+08:00,611.0000
M02,2026-03-26 12:00:00+08:00,612.0000
M02,2026-03-26 13:00:00+08:00,613.0000
M02,2026-03-26 14:00:00+08:00,614.0000
M02,2026-03-26 15:00:00+08:00,615.0000
M02,2026-03-26 16:00:00+08:00,616.0000
M02,2026-03-26 17:00:00+08:00,617.0000
M02,2026-03-26 18:00:00+08:00,618.0000
M02,2026-03-26 19:00:00+08:00,619.0000
M02,2026-03-26 20:00:00+08:00,620.0000
M02,2026-03-26 21:00:00+08:00,621.0000
M02,2026-03-26 22:00:00+08:00,622.0000
M02,2026-03-26 23:00:00+08:00,623.0000
M02,2026-03-27 00:00:00+08:00,624.0000
M02,2026-03-27 01:00:00+08:00,625.0000
M02,2026-03-27 02:00:00+08:00,626.0000
M02,2026-03-27 03:00:00+08:00,627.0000
M02,2026-03-27 04:00:00+08:00,628.0000
M02,2026-03-27 05:00:00+08:00,629.0000
M02,2026-03-27 06:00:00+08:00,630.0000
M02,2026-03-27 07:00:00+08:00,631.0000
M02,2026-03-27 08:00:00+08:00,632.0000
M02,2026-03-27 09:00:00+08:00,633.0000
M02,2026-03-27 10:00:00+08:00,634.0000
M02,2026-03-27 11:00:00+08:00,635.0000
M02,2026-03-27 12:00:00+08:00,636.0000
M02,2026-03-27 13:00:00+08:00,637.0000
M02,2026-03-27 14:00:00+08:00,638.0000
M02,2026-03-27 15:00:00+08:00,639.0000
M02,2026-03-27 16:00:00+08:00,640.0000
M02,2026-03-27 17:00:00+08:00,641.0000
M02,2026-03-27 18:00:00+08:00,642.0000
M02,2026-03-27 19:00:00+08:00,643.0000
M02,2026-03-27 20:00:00+08:00,644.0000
M02,2026-03-27 21:00:00+08:00,645.0000
M02,2026-03-27 22:00:00+08:00,646.0000
M02,2026-03-27 23:00:00+08:00,647.0000
M02,2026-03-28 00:00:00+08:00,648.0000
M02,2026-03-28 01:00:00+08:00,649.0000
M02,2026-03-28 02:00:00+08:00,650.0000
M02,2026-03-28 03:00:00+08:00,651.0000
M02,2026-03-28 04:00:00+08:00,652.0000
M02,2026-03-28 05:00:00+08:00,653.0000
M02,2026-03-28 06:00:00+08:00,654.0000
M02,2026-03-28 07:00:00+08:00,655.0000
M02,2026-03-28 08:00:00+08:00,656.0000
M02,2026-03-28 09:00:00+08:00,657.0000
M02,2026-03-28 10:00:00+08:00,658.0000
M02,2026-03-28 11:00:00+08:00,659.0000
M02,2026-03-28 12:00:00+08:00,660.0000
M02,2026-03-28 13:00:00+08:00,661.0000
M02,2026-03-28 14:00:00+08:00,662.0000
M02,2026-03-28 15:00:00+08:00,663.0000
M02,2026-03-28 16:00:00+08:00,664.0000
M02,2026-03-28 17:00:00+08:00,665.0000
M02,2026-03-28 18:00:00+08:00,666.0000
M02,2026-03-28 19:00:00+08:00,667.0000
M02,2026-03-28 20:00:00+08:00,668.0000
M02,2026-03-28 21:00:00+08:00,669.0000
M02,2026-03-28 22:00:00+08:00,670.0000
M02,2026-03-28 23:00:00+08:00,671.0000
M02,2026-03-29 00:00:00+08:00,672.0000
M02,2026-03-29 01:00:00+08:00,673.0000
M02,2026-03-29 02:00:00+08:00,674.0000
M02,2026-03-29 03:00:00+08:00,675.0000
M02,2026-03-29 04:00:00+08:00,676.0000
M02,2026-03-29 05:00:00+08:00,677.0000
M02,2026-03-29 06:00:00+08:00,678.0000
M02,2026-03-29 07:00:00+08:00,679.0000
M02,2026-03-29 08:00:00+08:00,680.0000
M02,2026-03-29 09:00:00+08:00,681.0000
M02,2026-03-29 10:00:00+08:00,682.0000
M02,2026-03-29 11:00:00+08:00,683.0000
M02,2026-03-29 12:00:00+08:00,684.0000
M02,2026-03-29 13:00:00+08:00,685.0000
M02,2026-03-29 14:00:00+08:00,686.0000
M02,2026-03-29 15:00:00+08:00,687.0000
M02,2026-03-29 16:00:00+08:00,688.0000
M02,2026-03-29 17:00:00+08:00,689.0000
M02,2026-03-29 18:00:00+08:00,690.0000
M02,2026-03-29 19:00:00+08:00,691.0000
M02,2026-03-29 20:00:00+08:00,692.0000
M02,2026-03-29 21:00:00+08:00,693.0000
M02,2026-03-29 22:00:00+08:00,694.0000
M02,2026-03-29 23:00:00+08:00,695.0000
M02,2026-03-30 00:00:00+08:00,696.0000
M02,2026-03-30 01:00:00+08:00,697.0000
M02,2026-03-30 02:00:00+08:00,698.0000
M02,2026-03-30 03:00:00+08:00,699.0000
M02,2026-03-30 04:00:00+08:00,700.0000
M02,2026-03-30 05:00:00+08:00,701.0000
M02,2026-03-30 06:00:00+08:00,702.0000
M02,2026-03-30 07:00:00+08:00,703.0000
M02,2026-03-30 08:00:00+08:00,704.0000
M02,2026-03-30 09:00:00+08:00,705.0000
M02,2026-03-30 10:00:00+08:00,706.0000
M02,2026-03-30 11:00:00+08:00,707.0000
M02,2026-03-30 12:00:00+08:00,708.0000
M02,2026-03-30 13:00:00+08:00,709.0000
M02,2026-03-30 14:00:00+08:00,710.0000
M02,2026-03-30 15:00:00+08:00,711.0000
M02,2026-03-30 16:00:00+08:00,712.0000
M02,2026-03-30 17:00:00+08:00,713.0000
M02,2026-03-30 18:00:00+08:00,714.0000
M02,2026-03-30 19:00:00+08:00,715.0000
M02,2026-03-30 20:00:00+08:00,716.0000
M02,2026-03-30 21:00:00+08:00,717.0000
M02,2026-03-30 22:00:00+08:00,718.0000
M02,2026-03-30 23:00:00+08:00,719.0000
M02,2026-03-31 00:00:00+08:00,720.0000
M02,2026-03-31 01:00:00+08:00,721.0000
M02,2026-03-31 02:00:00+08:00,722.0000
M02,2026-03-31 03:00:00+08:00,723.0000
M02,2026-03-31 04:00:00+08:00,724.0000
M02,2026-03-31 05:00:00+08:00,725.0000
M02,2026-03-31 06:00:00+08:00,726.0000
M02,2026-03-31 07:00:00+08:00,727.0000
M02,2026-03-31 08:00:00+08:00,728.0000
M02,2026-03-31 09:00:00+08:00,729.0000
M02,2026-03-31 10:00:00+08:00,730.0000
M02,2026-03-31 11:00:00+08:00,731.0000
M02,2026-03-31 12:00:00+08:00,732.0000
M02,2026-03-31 13:00:00+08:00,733.0000
M02,2026-03-31 14:00:00+08:00,734.0000
M02,2026-03-31 15:00:00+08:00,735.0000
M02,2026-03-31 16:00:00+08:00,736.0000
M02,2026-03-31 17:00:00+08:00,737.0000
M02,2026-03-31 18:00:00+08:00,738.0000
M02,2026-03-31 19:00:00+08:00,739.0000
M02,2026-03-31 20:00:00+08:00,740.0000
M02,2026-03-31 21:00:00+08:00,741.0000
M02,2026-03-31 22:00:00+08:00,742.0000
M02,2026-03-31 23:00:00+08:00,743.0000
M02,2026-04-01 00:00:00+08:00,744.0000
